{"actions":[],"apps":[{"acl":{"app":[],"field":[],"record":[]},"app":null,"category":{"categories":[],"useCategory":"false"},"form":{"layout":"[{\"id\":null,\"type\":\"ROW\",\"isSubTable\":false,\"var\":null,\"label\":null,\"controlList\":[{\"isVirtical\":true,\"styleMap\":{\"width\":302},\"type\":\"SINGLE_LINE_TEXT\",\"var\":\"To\",\"label\":\"宛名\"},{\"isVirtical\":true,\"styleMap\":{\"width\":302},\"type\":\"SINGLE_LINE_TEXT\",\"var\":\"To_Person\",\"label\":\"担当者\"},{\"isVirtical\":true,\"styleMap\":{\"width\":117},\"type\":\"DATE\",\"var\":\"Date\",\"label\":\"日付\"},{\"isVirtical\":true,\"styleMap\":{\"width\":184},\"type\":\"SINGLE_LINE_TEXT\",\"var\":\"PaperNo\",\"label\":\"帳票番号など\"}]},{\"id\":null,\"type\":\"ROW\",\"isSubTable\":false,\"var\":null,\"label\":null,\"controlList\":[{\"label\":\"\\u003Cdiv\\u003E※\\u003Cb\\u003E 宛名\\u003C/b\\u003Eには &#34;御中&#34; が、\\u003Cb\\u003E担当者\\u003C/b\\u003Eには &#34;様&#34; が印刷時に自動的に付与されます。\\u003Cbr /\\u003E\\u003C/div\\u003E\",\"styleMap\":{\"width\":515},\"formatted\":\"\\u003Cdiv\\u003E※\\u003Cb\\u003E 宛名\\u003C/b\\u003Eには &quot;御中&quot; が、\\u003Cb\\u003E担当者\\u003C/b\\u003Eには &quot;様&quot; が印刷時に自動的に付与されます。\\u003Cbr\\u003E\\u003C/div\\u003E\",\"type\":\"LABEL\"}]},{\"id\":null,\"type\":\"ROW\",\"isSubTable\":false,\"var\":null,\"label\":null,\"controlList\":[{\"isVirtical\":true,\"styleMap\":{\"width\":905,\"height\":128,\"innerHeight\":91},\"type\":\"MULTIPLE_LINE_TEXT\",\"var\":\"TextTop\",\"label\":\"備考（上部）\"}]},{\"id\":null,\"type\":\"ROW\",\"isSubTable\":false,\"var\":null,\"label\":null,\"controlList\":[{\"styleMap\":{\"width\":712,\"height\":66},\"elementId\":\"\",\"type\":\"SPACER\"},{\"isVirtical\":true,\"styleMap\":{\"width\":193},\"type\":\"CALC\",\"var\":\"Total\",\"label\":\"合計金額\"}]},{\"id\":\"6344878\",\"type\":\"SUBTABLE\",\"isSubTable\":true,\"var\":\"Table\",\"label\":\"テーブル\",\"controlList\":[{\"isVirtical\":true,\"styleMap\":{\"width\":374},\"type\":\"SINGLE_LINE_TEXT\",\"var\":\"Item\",\"label\":\"項目\"},{\"isVirtical\":true,\"styleMap\":{\"width\":193},\"type\":\"DECIMAL\",\"var\":\"Price\",\"label\":\"単価\"},{\"isVirtical\":true,\"styleMap\":{\"width\":68},\"type\":\"DECIMAL\",\"var\":\"Quantity\",\"label\":\"数量\"},{\"isVirtical\":true,\"styleMap\":{\"width\":77},\"type\":\"DECIMAL\",\"var\":\"Tax\",\"label\":\"税率\"},{\"isVirtical\":true,\"styleMap\":{\"width\":193},\"type\":\"CALC\",\"var\":\"Subtotal\",\"label\":\"小計\"}]},{\"id\":null,\"type\":\"ROW\",\"isSubTable\":false,\"var\":null,\"label\":null,\"controlList\":[{\"isVirtical\":true,\"styleMap\":{\"width\":905,\"height\":162,\"innerHeight\":125},\"type\":\"MULTIPLE_LINE_TEXT\",\"var\":\"Text_Bottom\",\"label\":\"備考（下部）\"}]},{\"id\":null,\"type\":\"ROW\",\"isSubTable\":false,\"var\":null,\"label\":null,\"controlList\":[{\"isVirtical\":true,\"styleMap\":{\"width\":905,\"height\":162,\"innerHeight\":125},\"type\":\"MULTIPLE_LINE_TEXT\",\"var\":\"Memo\",\"label\":\"メモ ※印刷されません※\"}]},{\"id\":null,\"type\":\"ROW\",\"isSubTable\":false,\"var\":null,\"label\":null,\"controlList\":[{\"isVirtical\":true,\"styleMap\":{},\"canvasData\":[{\"id\":null,\"type\":\"ROW\",\"isSubTable\":false,\"var\":null,\"label\":null,\"controlList\":[{\"isVirtical\":true,\"styleMap\":{\"width\":193},\"type\":\"SINGLE_LINE_TEXT\",\"var\":\"Title\",\"label\":\"帳票名\"},{\"isVirtical\":true,\"styleMap\":{\"width\":313},\"type\":\"SINGLE_LINE_TEXT\",\"var\":\"Token\",\"label\":\"トークン\"}]},{\"id\":null,\"type\":\"ROW\",\"isSubTable\":false,\"var\":null,\"label\":null,\"controlList\":[{\"isVirtical\":true,\"styleMap\":{\"width\":386},\"type\":\"SINGLE_LINE_TEXT\",\"var\":\"From_Company\",\"label\":\"差出人名\"}]},{\"id\":null,\"type\":\"ROW\",\"isSubTable\":false,\"var\":null,\"label\":null,\"controlList\":[{\"isVirtical\":true,\"styleMap\":{\"width\":386,\"height\":140,\"innerHeight\":103},\"type\":\"MULTIPLE_LINE_TEXT\",\"var\":\"From_Address\",\"label\":\"差出人住所\"}]}],\"type\":\"GROUP\",\"var\":\"グループ\",\"label\":\"印刷用設定項目\"}]}]","revision":null},"iconMeta":null,"info":{"automaticallyChooseTitleComponent":"true","code":null,"decimalPrecision":"16","decimalScale":"4","description":"\u003Cdiv\u003E\u003Cbr /\u003E\u003C/div\u003E","enableBulkDeletion":"false","enableRecordReuse":"true","fiscalYearStartMonth":"4","iconKey":"APP39","iconType":"PRESET","jsFiles":null,"jsScope":"ALL","name":"[kinxper] 帳票管理","roundingMode":"HALF_EVEN","theme":"PLAIN","titleComponentLocalId":null,"useComment":"true","useHistory":"true","useThumbnail":"true"},"jsFiles":[{"jsFileMetas":[{"internalName":null,"locationType":"URL","mime":null,"name":null,"url":"https://app.udcxx.me/kinxper/cdn/kuc.min.js"},{"internalName":null,"locationType":"URL","mime":null,"name":null,"url":"https://app.udcxx.me/kinxper/cdn/print_button.js"}],"jsType":"DESKTOP"},{"jsFileMetas":[{"internalName":null,"locationType":"URL","mime":null,"name":null,"url":"https://app.udcxx.me/kinxper/cdn/print_button_style.css"}],"jsType":"DESKTOP_CSS"}],"notification":{"appNotifications":[{"events":["RECORD_COMMENT_ADDED"],"target":{"entityId":"6344856","entityType":"FIELD_ENTITY","includeSubs":"false"}},{"events":["RECORD_COMMENT_ADDED"],"target":{"entityId":"6344857","entityType":"FIELD_ENTITY","includeSubs":"false"}}],"recordNotifications":[],"reminderTimezone":null,"reminders":[],"useComment":"true","useReminder":"false"},"plugins":[],"reports":[],"resource":{"tables":[{"rows":[{"fields":[],"objectId":"0","subObjectId":"-1"}],"type":"AppName"},{"rows":[{"fields":[],"objectId":"0","subObjectId":"-1"}],"type":"AppDescription"},{"rows":[{"fields":[],"objectId":"6344855","subObjectId":"-1"},{"fields":[],"objectId":"6344856","subObjectId":"-1"},{"fields":[],"objectId":"6344857","subObjectId":"-1"},{"fields":[],"objectId":"6344858","subObjectId":"-1"},{"fields":[],"objectId":"6344859","subObjectId":"-1"},{"fields":[],"objectId":"6344860","subObjectId":"-1"},{"fields":[],"objectId":"6344861","subObjectId":"-1"},{"fields":[],"objectId":"6344862","subObjectId":"-1"},{"fields":[],"objectId":"6344878","subObjectId":"-1"},{"fields":[],"objectId":"6344873","subObjectId":"-1"},{"fields":[],"objectId":"6344874","subObjectId":"-1"},{"fields":[],"objectId":"6344875","subObjectId":"-1"},{"fields":[],"objectId":"6344876","subObjectId":"-1"},{"fields":[],"objectId":"6344877","subObjectId":"-1"},{"fields":[],"objectId":"6344879","subObjectId":"-1"},{"fields":[],"objectId":"6344880","subObjectId":"-1"},{"fields":[],"objectId":"6344881","subObjectId":"-1"},{"fields":[],"objectId":"6344882","subObjectId":"-1"},{"fields":[],"objectId":"6344884","subObjectId":"-1"},{"fields":[],"objectId":"6344885","subObjectId":"-1"},{"fields":[],"objectId":"6344887","subObjectId":"-1"},{"fields":[],"objectId":"6344888","subObjectId":"-1"},{"fields":[],"objectId":"6344889","subObjectId":"-1"},{"fields":[],"objectId":"6344944","subObjectId":"-1"},{"fields":[],"objectId":"6344945","subObjectId":"-1"},{"fields":[],"objectId":"6344946","subObjectId":"-1"}],"type":"FieldLabel"},{"rows":[{"fields":[],"objectId":"6345006","subObjectId":"-1"},{"fields":[],"objectId":"20","subObjectId":"-1"}],"type":"ViewName"}]},"schema":{"groups":[{"childLocalId":"6344884","vtComponentLocalId":"6344883"},{"childLocalId":"6344885","vtComponentLocalId":"6344883"},{"childLocalId":"6344887","vtComponentLocalId":"6344883"},{"childLocalId":"6344889","vtComponentLocalId":"6344883"}],"revision":null,"subTable":{"6344878":{"fieldList":{"6344873":{"id":"6344873","label":"項目","properties":{"defaultValue":"","expression":"","hideExpression":"false","max":null,"min":null,"noLabel":"false","required":"false","unique":"false"},"type":"SINGLE_LINE_TEXT","var":"Item"},"6344874":{"id":"6344874","label":"単価","properties":{"defaultValue":null,"digit":"true","displayScale":"0","max":null,"min":null,"noLabel":"false","required":"false","roundingMode":null,"scale":null,"unique":"false","unit":"円","unitPosition":"AFTER"},"type":"DECIMAL","var":"Price"},"6344875":{"id":"6344875","label":"数量","properties":{"defaultValue":null,"digit":"false","displayScale":null,"max":null,"min":null,"noLabel":"false","required":"false","roundingMode":null,"scale":null,"unique":"false","unit":"","unitPosition":"BEFORE"},"type":"DECIMAL","var":"Quantity"},"6344876":{"id":"6344876","label":"税率","properties":{"defaultValue":"10","digit":"false","displayScale":null,"max":null,"min":null,"noLabel":"false","required":"false","roundingMode":null,"scale":null,"unique":"false","unit":"%","unitPosition":"AFTER"},"type":"DECIMAL","var":"Tax"},"6344877":{"id":"6344877","label":"小計","properties":{"displayScale":"0","expression":"ROUNDUP((Price * Quantity) \u002B ((Price * Quantity) * (Tax / 100)))","format":"NUMBER_DIGIT","hideExpression":"false","noLabel":"false","required":"false","roundingMode":null,"scale":null,"unit":"円","unitPosition":"AFTER"},"type":"CALC","var":"Subtotal"}},"id":"6344878","label":"テーブル","properties":{"noLabel":"true"},"var":"Table"}},"table":{"fieldList":{"6344855":{"id":"6344855","label":"レコード番号","properties":{"noLabel":"false","required":"true"},"type":"RECORD_ID","var":"RecordNo"},"6344856":{"id":"6344856","label":"更新者","properties":{"noLabel":"false","required":"true"},"type":"MODIFIER","var":"更新者"},"6344857":{"id":"6344857","label":"作成者","properties":{"noLabel":"false","required":"true"},"type":"CREATOR","var":"作成者"},"6344858":{"id":"6344858","label":"更新日時","properties":{"noLabel":"false","required":"true"},"type":"MODIFIED_AT","var":"更新日時"},"6344859":{"id":"6344859","label":"作成日時","properties":{"noLabel":"false","required":"true"},"type":"CREATED_AT","var":"作成日時"},"6344860":{"id":"6344860","label":"ステータス","properties":{"noLabel":"false","required":"false"},"type":"STATUS","var":"ステータス"},"6344861":{"id":"6344861","label":"作業者","properties":{"noLabel":"false","required":"false"},"type":"STATUS_ASSIGNEE","var":"作業者"},"6344862":{"id":"6344862","label":"カテゴリー","properties":{"noLabel":"false","required":"false"},"type":"CATEGORY","var":"カテゴリー"},"6344879":{"id":"6344879","label":"宛名","properties":{"defaultValue":"","expression":"","hideExpression":"false","max":null,"min":null,"noLabel":"false","required":"false","unique":"false"},"type":"SINGLE_LINE_TEXT","var":"To"},"6344880":{"id":"6344880","label":"合計金額","properties":{"displayScale":"0","expression":"ROUNDUP(SUM(Subtotal))","format":"NUMBER_DIGIT","hideExpression":"false","noLabel":"false","required":"false","roundingMode":null,"scale":null,"unit":"円","unitPosition":"AFTER"},"type":"CALC","var":"Total"},"6344881":{"id":"6344881","label":"備考（下部）","properties":{"defaultValue":"","noLabel":"false","required":"false"},"type":"MULTIPLE_LINE_TEXT","var":"Text_Bottom"},"6344882":{"id":"6344882","label":"メモ ※印刷されません※","properties":{"defaultValue":"","noLabel":"false","required":"false"},"type":"MULTIPLE_LINE_TEXT","var":"Memo"},"6344883":{"id":"6344883","label":"印刷用設定項目","properties":{"noLabel":"false","open":"false","required":"false"},"type":"GROUP","var":"グループ"},"6344884":{"id":"6344884","label":"帳票名","properties":{"defaultValue":"お見積書","expression":"","hideExpression":"false","max":null,"min":null,"noLabel":"false","required":"false","unique":"false"},"type":"SINGLE_LINE_TEXT","var":"Title"},"6344885":{"id":"6344885","label":"トークン","properties":{"defaultValue":"","expression":"","hideExpression":"false","max":null,"min":null,"noLabel":"false","required":"false","unique":"false"},"type":"SINGLE_LINE_TEXT","var":"Token"},"6344887":{"id":"6344887","label":"差出人名","properties":{"defaultValue":"○○株式会社","expression":"","hideExpression":"false","max":null,"min":null,"noLabel":"false","required":"false","unique":"false"},"type":"SINGLE_LINE_TEXT","var":"From_Company"},"6344888":{"id":"6344888","label":"担当者","properties":{"defaultValue":"","expression":"","hideExpression":"false","max":null,"min":null,"noLabel":"false","required":"false","unique":"false"},"type":"SINGLE_LINE_TEXT","var":"To_Person"},"6344889":{"id":"6344889","label":"差出人住所","properties":{"defaultValue":"〒000-0000\n東京都○×区△※ 1-1-1\nああああああビル 99F","noLabel":"false","required":"false"},"type":"MULTIPLE_LINE_TEXT","var":"From_Address"},"6344944":{"id":"6344944","label":"日付","properties":{"defaultExpression":"NOW","defaultValue":null,"noLabel":"false","required":"false","unique":"false"},"type":"DATE","var":"Date"},"6344945":{"id":"6344945","label":"帳票番号など","properties":{"defaultValue":"0001","expression":"","hideExpression":"false","max":null,"min":null,"noLabel":"false","required":"false","unique":"false"},"type":"SINGLE_LINE_TEXT","var":"PaperNo"},"6344946":{"id":"6344946","label":"備考（上部）","properties":{"defaultValue":"","noLabel":"false","required":"false"},"type":"MULTIPLE_LINE_TEXT","var":"TextTop"}},"id":"1","label":"__ROOT__","properties":null,"var":"__ROOT__"}},"settingsNotesForm":{"content":"\u003Cdiv\u003E\u003Cb\u003Ekinxper利用方法\u003C/b\u003E\u003C/div\u003E\u003Cdiv style=\"margin-left:40px\"\u003E1. APIトークンを発行する\u003C/div\u003E\u003Cdiv style=\"margin-left:40px\"\u003E2. フォームの「トークン」フィールドの初期値に発行したAPIトークンを入力する\u003C/div\u003E\u003Cdiv style=\"margin-left:40px\"\u003E3. そのほか、帳票名や差出人なども初期値を設定する\u003Cbr /\u003E\u003C/div\u003E\u003Cdiv\u003E詳細は、\u003Ca href=\"https://app.udcxx.me/kinxper/help/\" target=\"_blank\" rel=\"nofollow noopener noreferrer\"\u003Eヘルプページ\u003C/a\u003Eもご参照ください。\u003C/div\u003E","willBeInherited":"true"},"status":{"actions":[],"filters":[],"initialStateId":null,"states":[],"useStatus":"false"},"uuid":"5151ec7a-0512-427f-aa3d-8e4aa997a2b0","views":[{"advancedMode":"false","builtinType":null,"device":null,"fields":[{"row":[{"columnWidth":"139","id":"6344945"},{"columnWidth":null,"id":"6344879"},{"columnWidth":null,"id":"6344880"},{"columnWidth":null,"id":"6344882"}]}],"filter":{"category":null,"offset":null,"order":["DESC"],"q":null,"size":null,"sort":["f6344855"]},"html":null,"keyFieldId":null,"name":"一覧","pager":null,"revision":null,"titleFieldId":null,"view":"6345006","viewType":"LIST"},{"advancedMode":null,"builtinType":"ALL","device":null,"fields":[{"row":[{"columnWidth":null,"id":"6344855"},{"columnWidth":null,"id":"6344879"},{"columnWidth":null,"id":"6344880"},{"columnWidth":null,"id":"6344881"},{"columnWidth":null,"id":"6344882"},{"columnWidth":null,"id":"6344884"},{"columnWidth":null,"id":"6344885"},{"columnWidth":null,"id":"6344887"},{"columnWidth":null,"id":"6344888"},{"columnWidth":null,"id":"6344889"},{"columnWidth":null,"id":"6344944"},{"columnWidth":null,"id":"6344945"},{"columnWidth":null,"id":"6344946"}]}],"filter":{"category":null,"offset":null,"order":[],"q":null,"size":null,"sort":[]},"html":null,"keyFieldId":null,"name":"（すべて）","pager":null,"revision":null,"titleFieldId":null,"view":"20","viewType":"LIST"}]}],"description":"kinxper用の帳票管理用アプリです。\nhttps://app.udcxx.me/kinxper/","iconKey":"APP39","iconMeta":null,"iconSrcAppId":"5151ec7a-0512-427f-aa3d-8e4aa997a2b0","iconType":"PRESET","imagesMeta":[],"lookups":[],"name":"[kinxper] 帳票管理","references":[],"version":"39"}